{"cameraMode":{"drawMode":0,"name":"Shaded","section":"Shading Mode"},"sceneLighting":true,"audioPlay":false,"sceneViewState":{"m_AlwaysRefresh":false,"showFog":true,"showSkybox":true,"showFlares":true,"showImageEffects":true,"showParticleSystems":true,"showVisualEffectGraphs":true,"m_FxEnabled":true},"in2DMode":false,"pivot":{"x":25.991676330566408,"y":0.3094770014286041,"z":30.738962173461915},"rotation":{"x":-0.024237031117081643,"y":-0.07659601420164108,"z":0.0018863187870010734,"w":-0.9967114925384522},"size":2.811422824859619,"orthographic":true}